country,iso_o,year,gdp_pc,trade_ratio,log_gdp_pc,D_log_gdp_pc,landlocked,continent,lat,lon,langoff_1,colonizer1,category,development
Aruba,ABW,1995,35386.859,171.36,10.474096,,0,America,12.55,-70.099998,Dutch,NLD,Emerging and Developing Economies,0.0
Afghanistan,AFG,1995,15537.512,69.623146,9.6510124,,1,Asia,34.516666,69.199997,Persian,,Emerging and Developing Economies,0.0
Angola,AGO,1995,5983.1802,69.623146,8.6967077,,0,Africa,-8.833333,13.25,Portuguese,PRT,Emerging and Developing Economies,0.0
Albania,ALB,1995,5151.3999,40.139999,8.5470238,,0,Europe,41.333332,19.816668,Albanian,TUR,Emerging and Developing Economies,0.0
Andorra,AND,1995,44375.02,69.623146,10.700432,,0,Europe,42.5,1.5,Catalan,,Advanced Economies,1.0
United Arab Emirates,ARE,1995,104527.92,69.623146,11.55721,,0,Asia,24.466667,54.416668,Arabic,GBR,Emerging and Developing Economies,0.0
Argentina,ARG,1995,20819.5,19.77,9.9436455,,0,America,-34.666668,-58.5,Spanish,ESP,Emerging and Developing Economies,0.0
Armenia,ARM,1995,3480.76,86.110001,8.1550064,,1,Asia,40.183334,44.5,Armenian,TUR,Emerging and Developing Economies,0.0
Antigua and Barbuda,ATG,1995,21639.6,69.623146,9.9822798,,0,America,17.133333,-61.833332,English,GBR,Emerging and Developing Economies,0.0
Australia,AUS,1995,38653.34,37.650002,10.562388,,0,Pacific,-35.299999,149.133,English,GBR,Advanced Economies,1.0
Austria,AUT,1995,46639.531,68.529999,10.750204,,1,Europe,48.216667,16.366667,German,,Advanced Economies,1.0
Azerbaijan,AZE,1995,4211.7202,85.889999,8.3456268,,1,Asia,40.366665,49.883335,Azeri,RUS,Emerging and Developing Economies,0.0
Burundi,BDI,1995,1184.28,69.623146,7.0768905,,1,Africa,-3.3666666,29.316668,French,BEL,Emerging and Developing Economies,0.0
Belgium,BEL,1995,44310.629,116.38,10.69898,,0,Europe,50.833332,4.3499999,Dutch,,Advanced Economies,1.0
Benin,BEN,1995,2300.1399,63.799999,7.740725,,0,Africa,6.5,2.7833333,French,FRA,Emerging and Developing Economies,0.0
Burkina Faso,BFA,1995,1183.53,40.75,7.0762568,,1,Africa,12.333333,-1.6666666,French,FRA,Emerging and Developing Economies,0.0
Bangladesh,BGD,1995,2351.7,28.209999,7.7628937,,0,Asia,23.700001,90.366669,Bengali,GBR,Emerging and Developing Economies,0.0
Bulgaria,BGR,1995,13591.41,55.259998,9.5171928,,0,Europe,42.666668,23.299999,Bulgarian,TUR,Emerging and Developing Economies,0.0
Bahrain,BHR,1995,53537.68,134.09,10.888141,,0,Asia,26.200001,50.633335,Arabic,GBR,Emerging and Developing Economies,0.0
"Bahamas, The",BHS,1995,30128.189,104.47,10.313216,,0,America,25.083334,-77.333336,English,GBR,Emerging and Developing Economies,0.0
Bosnia and Herzegovina,BIH,1995,3090.3899,91.879997,8.0360527,,0,Europe,43.866665,18.433332,Serbo-Croatian,TUR,Emerging and Developing Economies,0.0
Belarus,BLR,1995,8061.2002,103.72,8.9948177,,0,Europe,53.849998,27.5,Belarussian,RUS,Emerging and Developing Economies,0.0
Belize,BLZ,1995,9967.8496,77.339996,9.2071199,,0,America,17.216667,-88.800003,English,GBR,Emerging and Developing Economies,0.0
Bermuda,BMU,1995,80427.242,69.623146,11.295108,,0,America,32.299999,-64.800003,English,GBR,,1.0
Bolivia,BOL,1995,6914.3398,49.740002,8.8413525,,1,America,-16.5,-68.166664,Spanish,ESP,Emerging and Developing Economies,0.0
Brazil,BRA,1995,13550.44,16.98,9.5141745,,0,America,-15.78,-47.91,Portuguese,PRT,Emerging and Developing Economies,0.0
Barbados,BRB,1995,18398.75,69.623146,9.8200378,,0,America,13.1,-59.616665,English,GBR,Emerging and Developing Economies,0.0
Brunei Darussalam,BRN,1995,105043.85,71.040001,11.562133,,0,Asia,4.9333334,114.96667,Malay,GBR,Emerging and Developing Economies,0.0
Bhutan,BTN,1995,4379.8701,83.879997,8.3847742,,1,Asia,27.533333,89.75,Burmese,,Emerging and Developing Economies,0.0
Botswana,BWA,1995,11457.7,94.599998,9.3464174,,1,Africa,-24.75,25.916666,English,GBR,Emerging and Developing Economies,0.0
Central African Republic,CAF,1995,1334.1,50.48,7.196012,,1,Africa,4.3833332,18.616667,French,FRA,Emerging and Developing Economies,0.0
Canada,CAN,1995,41617.719,69.059998,10.636281,,0,America,45.419998,-75.709999,English,GBR,Advanced Economies,1.0
Switzerland,CHE,1995,61453.629,76.25,11.026038,,1,Europe,46.950001,7.4333334,German,,Advanced Economies,1.0
Chile,CHL,1995,14908.03,54.689999,9.6096554,,0,America,-33.5,-70.666664,Spanish,ESP,Emerging and Developing Economies,0.0
China,CHN,1995,2808.03,34.099998,7.9402385,,0,Asia,39.916668,116.43333,Chinese,,Emerging and Developing Economies,0.0
Cote d'Ivoire,CIV,1995,4638.7598,76.199997,8.4422026,,0,Africa,5.3166666,-4.0166669,French,FRA,Emerging and Developing Economies,0.0
Cameroon,CMR,1995,3526.54,36.68,8.1680727,,0,Africa,3.8499999,11.516666,French,FRA,Emerging and Developing Economies,0.0
"Congo, Rep.",COG,1995,7701.3198,128.31,8.9491472,,0,Africa,-4.2333331,15.233334,French,FRA,Emerging and Developing Economies,0.0
Colombia,COL,1995,11279.0,35.5,9.330698,,0,America,4.6333332,-75.066666,Spanish,ESP,Emerging and Developing Economies,0.0
Comoros,COM,1995,2957.4099,35.759998,7.9920692,,0,Africa,-11.666667,43.266666,Arabic,FRA,Emerging and Developing Economies,0.0
Cabo Verde,CPV,1995,2763.3999,77.519997,7.9242172,,0,Africa,14.916667,-23.5,Portuguese,PRT,Emerging and Developing Economies,0.0
Costa Rica,CRI,1995,12593.23,79.769997,9.4409151,,0,America,9.9833336,-84.066666,Spanish,ESP,Emerging and Developing Economies,0.0
Cuba,CUB,1995,15537.512,29.309999,9.6510124,,0,America,23.116667,-82.416664,Spanish,ESP,,0.0
Cyprus,CYP,1995,31393.381,134.39,10.354352,,0,Europe,35.150002,33.349998,Greek,GBR,Advanced Economies,1.0
Czechia,CZE,1995,26869.02,82.900002,10.19873,,1,Europe,50.099998,14.433333,Czech,AUT,Advanced Economies,1.0
Germany,DEU,1995,45475.691,42.610001,10.724934,,0,Europe,52.533001,13.417,German,,Advanced Economies,1.0
Djibouti,DJI,1995,15537.512,69.623146,9.6510124,,0,Africa,11.6,43.150002,French,FRA,Emerging and Developing Economies,0.0
Dominica,DMA,1995,12343.9,69.623146,9.4209175,,0,America,15.3,-61.383335,English,GBR,Emerging and Developing Economies,0.0
Denmark,DNK,1995,50927.551,68.57,10.83816,,0,Europe,55.666668,12.583333,Danish,,Advanced Economies,1.0
Dominican Republic,DOM,1995,8685.0195,73.900002,9.069355,,0,America,18.5,-69.783333,Spanish,FRA,Emerging and Developing Economies,0.0
Algeria,DZA,1995,10588.44,55.189999,9.267518,,0,Africa,36.833332,3.0,Arabic,FRA,Emerging and Developing Economies,0.0
Ecuador,ECU,1995,9525.1797,45.91,9.1616945,,0,America,-0.23333333,-78.5,Spanish,ESP,Emerging and Developing Economies,0.0
"Egypt, Arab Rep.",EGY,1995,8423.5801,50.25,9.0387897,,0,Africa,30.049999,31.25,Arabic,GBR,Emerging and Developing Economies,0.0
Eritrea,ERI,1995,15537.512,105.32,9.6510124,,0,Africa,15.333333,38.883335,English,GBR,Emerging and Developing Economies,0.0
Spain,ESP,1995,33501.73,44.830002,10.419353,,0,Europe,40.416668,-3.7166667,Spanish,,Advanced Economies,1.0
Estonia,EST,1995,14710.97,139.09,9.5963488,,0,Europe,59.416668,24.75,Estonian,RUS,Advanced Economies,1.0
Ethiopia,ETH,1995,760.26001,69.623146,6.6336603,,1,Africa,9.0500002,38.833332,Amharic,,Emerging and Developing Economies,0.0
Finland,FIN,1995,37069.629,64.139999,10.520554,,0,Europe,60.133335,25.0,Swedish,RUS,Advanced Economies,1.0
Fiji,FJI,1995,8600.0898,69.623146,9.0595284,,0,Pacific,-18.133333,178.41667,English,GBR,Emerging and Developing Economies,0.0
France,FRA,1995,40570.719,45.43,10.610802,,0,Europe,48.866665,2.3333333,French,,Advanced Economies,1.0
"Micronesia, Fed. Sts.",FSM,1995,3663.78,90.940002,8.2062511,,0,Pacific,6.9166665,158.25,English,ESP,Emerging and Developing Economies,0.0
Gabon,GAB,1995,24344.189,95.129997,10.100048,,0,Africa,0.38333333,9.416667,French,FRA,Emerging and Developing Economies,0.0
United Kingdom,GBR,1995,36603.738,50.830002,10.507906,,0,Europe,51.5,-0.16666667,English,,Advanced Economies,1.0
Georgia,GEO,1995,3762.8101,67.830002,8.2329216,,0,Asia,41.716667,44.816666,Georgian,RUS,Emerging and Developing Economies,0.0
Ghana,GHA,1995,3039.6899,57.419998,8.0195112,,0,Africa,5.5500002,-0.25,English,GBR,Emerging and Developing Economies,0.0
Guinea,GIN,1995,2171.73,31.299999,7.6832795,,0,Africa,9.5166664,-15.716666,French,FRA,Emerging and Developing Economies,0.0
"Gambia, The",GMB,1995,2456.0,59.279999,7.8062892,,0,Africa,13.466666,-16.65,English,GBR,Emerging and Developing Economies,0.0
Guinea-Bissau,GNB,1995,1999.8199,46.810001,7.6008124,,0,Africa,11.866667,-15.65,Portuguese,PRT,Emerging and Developing Economies,0.0
Equatorial Guinea,GNQ,1995,1892.12,69.623146,7.5454531,,0,Africa,3.75,8.8000002,Spanish,ESP,Emerging and Developing Economies,0.0
Greece,GRC,1995,27646.15,36.130001,10.227242,,0,Europe,38.0,23.733334,Greek,TUR,Advanced Economies,1.0
Grenada,GRD,1995,8750.8203,69.623146,9.0769024,,0,America,12.066667,-61.733334,English,GBR,Emerging and Developing Economies,0.0
Greenland,GRL,1995,37584.07,69.623146,10.534335,,0,America,64.183334,-51.733334,Greenlandic,DNK,,1.0
Guatemala,GTM,1995,8195.3496,44.689999,9.011322,,0,America,14.633333,-90.51667,Spanish,ESP,Emerging and Developing Economies,0.0
Guyana,GUY,1995,7071.21,213.33,8.8637867,,0,America,6.7666669,-58.166668,English,GBR,Emerging and Developing Economies,0.0
"Hong Kong SAR, China",HKG,1995,37905.648,256.89999,10.542855,,0,Asia,22.266666,114.15,English,GBR,Advanced Economies,1.0
Honduras,HND,1995,2555.03,114.54,7.8458195,,0,America,14.083333,-87.23333,Spanish,ESP,Emerging and Developing Economies,0.0
Croatia,HRV,1995,17522.75,62.799999,9.7712555,,0,Europe,45.799999,15.966666,Serbo-Croatian,AUT,Advanced Economies,1.0
Haiti,HTI,1995,3167.9099,37.849998,8.0608273,,0,America,18.549999,-72.333336,French,,Emerging and Developing Economies,0.0
Hungary,HUN,1995,18977.24,78.18,9.850996,,1,Europe,47.5,19.049999,Hungarian,,Emerging and Developing Economies,0.0
Indonesia,IDN,1995,6312.9302,53.959999,8.7503548,,0,Asia,-6.1333332,106.75,Indonesian,NLD,Emerging and Developing Economies,0.0
India,IND,1995,2542.4199,22.870001,7.8408718,,0,Asia,28.616667,77.216667,English,GBR,Emerging and Developing Economies,0.0
Ireland,IRL,1995,36094.762,136.10001,10.493903,,0,Europe,53.333332,-6.25,English,GBR,Advanced Economies,1.0
"Iran, Islamic Rep.",IRN,1995,10465.03,35.139999,9.2557945,,0,Asia,35.666668,51.433334,Persian,,Emerging and Developing Economies,0.0
Iraq,IRQ,1995,5969.6699,0.02,8.6944466,,0,Asia,33.333332,44.433334,Arabic,TUR,Emerging and Developing Economies,0.0
Iceland,ISL,1995,40867.559,64.300003,10.618092,,0,Europe,64.150002,-21.966667,Icelandic,DNK,Advanced Economies,1.0
Israel,ISR,1995,29470.82,59.389999,10.291156,,0,Asia,32.083332,34.766666,Hebrew,GBR,Advanced Economies,1.0
Italy,ITA,1995,45410.141,45.580002,10.723491,,0,Europe,41.883335,12.5,Italian,,Advanced Economies,1.0
Jamaica,JAM,1995,10257.81,69.623146,9.235795,,0,America,17.966667,-76.800003,English,GBR,Emerging and Developing Economies,0.0
Jordan,JOR,1995,7829.0801,124.58,8.9656,,0,Asia,31.950001,35.933334,Arabic,GBR,Emerging and Developing Economies,0.0
Japan,JPN,1995,37442.891,16.389999,10.530572,,0,Asia,35.666668,139.75,Japanese,,Advanced Economies,1.0
Kazakhstan,KAZ,1995,10600.33,82.519997,9.2686405,,1,Asia,51.169998,71.470001,Kazakh,RUS,Emerging and Developing Economies,0.0
Kenya,KEN,1995,3890.1001,71.75,8.2661905,,0,Africa,-1.2833333,36.833332,English,GBR,Emerging and Developing Economies,0.0
Kyrgyz Republic,KGZ,1995,2974.71,71.82,7.9979019,,1,Asia,42.900002,74.599998,Kyrgyz,RUS,Emerging and Developing Economies,0.0
Cambodia,KHM,1995,1672.74,77.769997,7.4222183,,0,Asia,11.583333,104.91666,Khmer,FRA,Emerging and Developing Economies,0.0
Kiribati,KIR,1995,2498.79,101.96,7.8235621,,0,Pacific,1.3833333,173.14999,English,GBR,Emerging and Developing Economies,0.0
St. Kitts and Nevis,KNA,1995,16596.27,69.623146,9.7169333,,0,America,17.283333,-62.716667,English,GBR,Emerging and Developing Economies,0.0
"Korea, Rep.",KOR,1995,20697.9,51.400002,9.937788,,0,Asia,37.5,127.0,Korean,JPN,Advanced Economies,1.0
Kuwait,KWT,1995,64093.52,94.32,11.068098,,0,Asia,29.333334,48.0,Arabic,GBR,Emerging and Developing Economies,0.0
Lao PDR,LAO,1995,2368.05,60.549999,7.7698221,,1,Asia,17.983334,102.63333,Lao,FRA,Emerging and Developing Economies,0.0
Lebanon,LBN,1995,10762.44,73.139999,9.2838173,,0,Asia,33.866665,35.5,Arabic,FRA,Emerging and Developing Economies,0.0
Liberia,LBR,1995,534.81,69.623146,6.2819114,,0,Africa,6.3333335,-10.766666,English,FRA,Emerging and Developing Economies,0.0
Libya,LBY,1995,17723.27,51.59,9.7826338,,0,Africa,32.733334,13.116667,Arabic,TUR,Emerging and Developing Economies,0.0
St. Lucia,LCA,1995,18048.779,69.623146,9.8008337,,0,America,14.016666,-60.983334,English,GBR,Emerging and Developing Economies,0.0
Sri Lanka,LKA,1995,5523.3101,81.639999,8.6167326,,0,Asia,6.9166665,79.866669,Sinhala,GBR,Emerging and Developing Economies,0.0
Lesotho,LSO,1995,1709.6899,69.623146,7.4440675,,1,Africa,-29.316668,27.483334,English,GBR,Emerging and Developing Economies,0.0
Lithuania,LTU,1995,12164.2,84.540001,9.4062529,,0,Europe,54.683334,25.316668,Lithuanian,RUS,Advanced Economies,1.0
Luxembourg,LUX,1995,92391.344,189.53999,11.433788,,1,Europe,49.599998,6.1500001,French,NLD,Advanced Economies,1.0
Latvia,LVA,1995,10707.51,76.25,9.2787008,,0,Europe,56.950001,24.1,Latvian,RUS,Advanced Economies,1.0
"Macao SAR, China",MAC,1995,60205.711,125.37,11.005523,,0,Asia,22.27,113.56,Portuguese,PRT,Advanced Economies,1.0
Morocco,MAR,1995,4444.23,51.720001,8.3993616,,0,Africa,34.033333,-6.8499999,Arabic,FRA,Emerging and Developing Economies,0.0
Moldova,MDA,1995,6428.8398,128.02,8.768549,,0,Europe,47.0,28.833334,Romanian,RUS,Emerging and Developing Economies,0.0
Madagascar,MDG,1995,1661.27,45.369999,7.4153376,,0,Africa,-18.866667,47.5,French,FRA,Emerging and Developing Economies,0.0
Maldives,MDV,1995,10894.17,69.623146,9.2959833,,0,Asia,4.1666665,73.466667,Maldivian,GBR,Emerging and Developing Economies,0.0
Mexico,MEX,1995,17028.119,43.669998,9.7426214,,0,America,19.416666,-99.166664,Spanish,ESP,Emerging and Developing Economies,0.0
Marshall Islands,MHL,1995,4703.4302,106.86,8.4560471,,0,Pacific,7.1500001,171.2,English,,Emerging and Developing Economies,0.0
North Macedonia,MKD,1995,10501.13,72.040001,9.2592382,,1,Europe,42.0,21.466667,Macedonian,TUR,Emerging and Developing Economies,0.0
Mali,MLI,1995,2022.4,45.080002,7.61204,,1,Africa,12.666667,-7.9833331,French,FRA,Emerging and Developing Economies,0.0
Malta,MLT,1995,22310.961,177.06,10.012834,,0,Europe,35.900002,14.533334,English,GBR,Advanced Economies,1.0
Myanmar,MMR,1995,962.21002,69.623146,6.8692327,,0,Asia,16.783333,96.166664,Burmese,GBR,Emerging and Developing Economies,0.0
Mongolia,MNG,1995,5457.6899,82.099998,8.6047812,,1,Asia,47.900002,106.86667,Mongolian,CHN,Emerging and Developing Economies,0.0
Mozambique,MOZ,1995,525.41998,63.77,6.2641978,,0,Africa,-25.966667,32.583332,Portuguese,PRT,Emerging and Developing Economies,0.0
Mauritania,MRT,1995,5446.27,73.419998,8.6026859,,0,Africa,18.15,-15.966666,Arabic,FRA,Emerging and Developing Economies,0.0
Mauritius,MUS,1995,10847.03,118.15,9.291647,,0,Africa,-20.166666,57.5,English,GBR,Emerging and Developing Economies,0.0
Malawi,MWI,1995,1140.76,69.623146,7.0394502,,1,Africa,-13.966666,33.816666,English,GBR,Emerging and Developing Economies,0.0
Malaysia,MYS,1995,16568.52,192.11,9.7152596,,0,Asia,3.1333334,101.7,Malay,GBR,Emerging and Developing Economies,0.0
Namibia,NAM,1995,7506.1001,93.559998,8.9234715,,0,Africa,-22.566668,17.1,English,DEU,Emerging and Developing Economies,0.0
New Caledonia,NCL,1995,15537.512,41.950001,9.6510124,,0,Pacific,-22.266666,166.45,French,FRA,,1.0
Niger,NER,1995,1280.34,34.779999,7.154881,,1,Africa,13.533334,2.0833333,French,FRA,Emerging and Developing Economies,0.0
Nigeria,NGA,1995,4797.5098,69.623146,8.475852,,0,Africa,6.4499998,3.4666667,English,GBR,Emerging and Developing Economies,0.0
Nicaragua,NIC,1995,4130.29,44.040001,8.3261032,,0,America,12.1,-86.300003,Spanish,ESP,Emerging and Developing Economies,0.0
Netherlands,NLD,1995,46720.289,107.92,10.751934,,0,Europe,52.349998,4.9000001,Dutch,,Advanced Economies,1.0
Norway,NOR,1995,66762.156,67.300003,11.108891,,0,Europe,59.916668,10.75,Norwegian,,Advanced Economies,1.0
Nepal,NPL,1995,2043.61,59.490002,7.6224732,,1,Asia,27.700001,85.316666,Nepali,,Emerging and Developing Economies,0.0
Nauru,NRU,1995,14361.79,69.623146,9.5723267,,0,Pacific,-0.53333336,166.91667,Nauruan,GBR,Emerging and Developing Economies,0.0
New Zealand,NZL,1995,32584.65,56.91,10.391597,,0,Pacific,-44.283333,174.78334,English,GBR,Advanced Economies,1.0
Oman,OMN,1995,38946.77,64.150002,10.569951,,0,Asia,23.616667,58.633335,Arabic,,Emerging and Developing Economies,0.0
Pakistan,PAK,1995,3462.47,36.130001,8.1497374,,0,Asia,33.666668,73.133331,Urdu,GBR,Emerging and Developing Economies,0.0
Panama,PAN,1995,12086.64,146.91,9.3998556,,0,America,8.9499998,-79.5,Spanish,ESP,Emerging and Developing Economies,0.0
Peru,PER,1995,7372.04,30.93,8.9054499,,0,America,-12.1,-77.050003,Spanish,ESP,Emerging and Developing Economies,0.0
Philippines,PHL,1995,4477.3198,57.330002,8.4067802,,0,Asia,14.616667,120.96667,English,ESP,Emerging and Developing Economies,0.0
Palau,PLW,1995,16232.84,69.623146,9.6947918,,0,Pacific,7.3333335,134.48334,English,GBR,Emerging and Developing Economies,0.0
Papua New Guinea,PNG,1995,4008.72,104.74,8.2962275,,0,Pacific,-9.5,147.11667,English,GBR,Emerging and Developing Economies,0.0
Poland,POL,1995,14227.57,43.560001,9.5629368,,0,Europe,52.25,21.0,Polish,DEU,Emerging and Developing Economies,0.0
"Korea, Dem. People's Rep.",PRK,1995,15537.512,69.623146,9.6510124,,0,Asia,39.0,125.78333,Korean,JPN,Advanced Economies,1.0
Portugal,PRT,1995,29460.811,59.91,10.290816,,0,Europe,38.733334,-9.1333332,Portuguese,,Advanced Economies,1.0
Paraguay,PRY,1995,10908.27,118.06,9.2972765,,1,America,-25.25,-57.666668,Spanish,ESP,Emerging and Developing Economies,0.0
French Polynesia,PYF,1995,15537.512,26.780001,9.6510124,,0,Pacific,-17.533333,-149.56667,French,FRA,,1.0
Qatar,QAT,1995,68732.469,87.669998,11.137977,,0,Asia,25.25,51.533333,Arabic,GBR,Emerging and Developing Economies,0.0
Russian Federation,RUS,1995,18363.711,55.18,9.8181314,,0,Asia,55.75,37.700001,Russian,,Emerging and Developing Economies,0.0
Rwanda,RWA,1995,931.37,30.969999,6.8366566,,1,Africa,-1.9333333,30.066668,French,BEL,Emerging and Developing Economies,0.0
Saudi Arabia,SAU,1995,60058.32,65.040001,11.003072,,0,Asia,24.65,46.766666,Arabic,,Emerging and Developing Economies,0.0
Sudan,SDN,1995,2824.6299,14.77,7.9461327,,0,Africa,15.55,32.533333,Arabic,GBR,Emerging and Developing Economies,0.0
Senegal,SEN,1995,2835.03,52.73,7.9498076,,0,Africa,14.633333,-17.450001,French,FRA,Emerging and Developing Economies,0.0
Singapore,SGP,1995,59483.641,345.45999,10.993457,,0,Asia,1.2833333,103.85,English,GBR,Advanced Economies,1.0
Solomon Islands,SLB,1995,2996.27,114.21,8.0051231,,0,Pacific,-9.4666662,159.95,English,GBR,Emerging and Developing Economies,0.0
Sierra Leone,SLE,1995,2058.0801,45.029999,7.629529,,0,Africa,8.5,-13.283334,English,GBR,Emerging and Developing Economies,0.0
El Salvador,SLV,1995,7057.9199,59.360001,8.8619061,,0,America,13.666667,-89.166664,Spanish,ESP,Emerging and Developing Economies,0.0
Sao Tome and Principe,STP,1995,3802.29,69.623146,8.2433586,,0,Africa,0.2,6.7166667,Portuguese,PRT,Emerging and Developing Economies,0.0
Suriname,SUR,1995,16368.31,69.623146,9.7031021,,0,America,5.8666668,-55.233334,Dutch,NLD,Emerging and Developing Economies,0.0
Slovak Republic,SVK,1995,15811.92,107.24,9.668519,,1,Europe,48.166668,17.166666,Slovak,HUN,Advanced Economies,1.0
Slovenia,SVN,1995,24718.02,93.050003,10.115288,,0,Europe,46.066666,14.5,Slovenian,AUT,Advanced Economies,1.0
Sweden,SWE,1995,40736.43,68.68,10.614878,,0,Europe,59.333332,18.083334,Swedish,,Advanced Economies,1.0
Eswatini,SWZ,1995,5693.8198,69.623146,8.6471367,,1,Africa,-26.333334,31.133333,Swati,GBR,Emerging and Developing Economies,0.0
Seychelles,SYC,1995,16552.449,53.389999,9.7142897,,0,Africa,-4.6333332,55.466667,English,GBR,Emerging and Developing Economies,0.0
Syrian Arab Republic,SYR,1995,7431.3501,68.980003,8.9134626,,0,Asia,33.5,36.316666,Arabic,FRA,Emerging and Developing Economies,0.0
Chad,TCD,1995,1591.14,55.700001,7.3722062,,1,Africa,12.166667,14.983334,French,FRA,Emerging and Developing Economies,0.0
Togo,TGO,1995,2036.38,55.599998,7.6189289,,0,Africa,6.1666665,1.35,French,FRA,Emerging and Developing Economies,0.0
Thailand,THA,1995,11953.92,89.760002,9.3888149,,0,Asia,13.733334,100.5,Thai,,Emerging and Developing Economies,0.0
Tajikistan,TJK,1995,1439.5,137.52,7.2720513,,1,Asia,38.633335,68.849998,Tajik,RUS,Emerging and Developing Economies,0.0
Turkmenistan,TKM,1995,4493.4302,168.17999,8.4103718,,1,Asia,37.950001,58.383335,Turkmen,RUS,Emerging and Developing Economies,0.0
Tonga,TON,1995,5508.3398,71.120003,8.6140184,,0,Pacific,-21.15,-175.23334,Tongan,GBR,Emerging and Developing Economies,0.0
Trinidad and Tobago,TTO,1995,13912.31,69.623146,9.5405293,,0,America,10.633333,-61.516666,English,GBR,Emerging and Developing Economies,0.0
Tunisia,TUN,1995,7406.2402,93.709999,8.910078,,0,Africa,36.833332,10.216666,Arabic,FRA,Emerging and Developing Economies,0.0
Turkiye,TUR,1995,13099.26,35.990002,9.4803114,,0,Europe,39.93,32.849998,Turkish,,Emerging and Developing Economies,0.0
Tuvalu,TUV,1995,3286.47,69.623146,8.0975695,,0,Pacific,-8.5,179.2,Tuvaluan,GBR,Emerging and Developing Economies,0.0
Tanzania,TZA,1995,1685.85,45.16,7.4300251,,0,Africa,-6.1700001,35.740002,English,GBR,Emerging and Developing Economies,0.0
Uganda,UGA,1995,1288.51,32.619999,7.161242,,1,Africa,0.33333334,32.583332,English,GBR,Emerging and Developing Economies,0.0
Ukraine,UKR,1995,10983.01,97.230003,9.3041048,,0,Europe,50.416668,30.5,Ukrainian,RUS,Emerging and Developing Economies,0.0
Uruguay,URY,1995,16600.039,38.099998,9.7171602,,0,America,-34.916668,-56.166668,Spanish,ESP,Emerging and Developing Economies,0.0
United States,USA,1995,47220.961,22.450001,10.762593,,0,America,38.867001,-77.0,English,GBR,Advanced Economies,1.0
Uzbekistan,UZB,1995,3052.4199,69.623146,8.0236902,,1,Asia,41.266666,69.216667,Uzbek,RUS,Emerging and Developing Economies,0.0
St. Vincent and the Grenadines,VCT,1995,8815.8496,69.623146,9.0843067,,0,America,13.2,-61.233334,English,GBR,Emerging and Developing Economies,0.0
"Venezuela, RB",VEN,1995,15537.512,47.34,9.6510124,,0,America,10.583333,-66.933334,Spanish,ESP,Emerging and Developing Economies,0.0
Viet Nam,VNM,1995,3328.21,74.720001,8.1101894,,0,Asia,21.016666,105.86667,Vietnamese,FRA,Emerging and Developing Economies,0.0
Vanuatu,VUT,1995,3226.9199,91.959999,8.0792837,,0,Pacific,-17.75,168.3,English,GBR,Emerging and Developing Economies,0.0
Samoa,WSM,1995,4077.99,69.623146,8.3133593,,0,Pacific,-13.8,171.75,Samoan,DEU,Emerging and Developing Economies,0.0
"Yemen, Rep.",YEM,1995,15537.512,87.440002,9.6510124,,0,Asia,15.4,44.233334,Arabic,GBR,Emerging and Developing Economies,0.0
South Africa,ZAF,1995,10318.84,39.48,9.2417269,,0,Africa,-25.73,28.219999,English,GBR,Emerging and Developing Economies,0.0
Zambia,ZMB,1995,2119.96,69.230003,7.6591525,,1,Africa,-15.466666,28.266666,English,GBR,Emerging and Developing Economies,0.0
Zimbabwe,ZWE,1995,5964.5898,79.160004,8.6935959,,1,Africa,-17.833334,31.049999,English,GBR,Emerging and Developing Economies,0.0
